Date;Thread;Level;Logger;Message;ExceptionString;,,,
"2020-11-05 00:01:08,786";"88     ";"NOTICE";"ExternalCodesManager";"Liz 23086 requested 2,661 codes for ECR 100000293227-SDK20-Pack-False-False-DE-4-00002-17-00371--Pall Mall-04031300240069; 4,903 codes were reserved, 11,590 codes remain";""
"2020-11-05 00:01:08,786";"88     ";"NOTICE";"ExternalCodesManager";"Liz 23086 requested 2,661 codes for ECR 100000293227-SDK20-Pack-False-False-DE-4-00002-17-00371--Pall Mall-04031300240069; 4,903 codes were reserved, 11,590 codes remain";""
"2020-11-05 00:01:08,786";"88     ";"NOTICE";"ExternalCodesManager";"Liz 23086 requested 2,661 codes for ECR 100000293227-SDK20-Pack-False-False-DE-4-00002-17-00371--Pall Mall-04031300240069; 4,903 codes were reserved, 11,590 codes remain";""
"2020-11-05 00:01:08,786";"88     ";"NOTICE";"ExternalCodesManager";"Liz 23086 requested 2,661 codes for ECR 100000293227-SDK20-Pack-False-False-DE-4-00002-17-00371--Pall Mall-04031300240069; 4,903 codes were reserved, 11,590 codes remain";""
"2020-11-05 00:01:08,786";"88     ";"NOTICE";"ExternalCodesManager";"Liz 23086 requested 2,661 codes for ECR 100000293227-SDK20-Pack-False-False-DE-4-00002-17-00371--Pall Mall-04031300240069; 4,903 codes were reserved, 11,590 codes remain";""
"2020-11-05 00:01:08,786";"88     ";"NOTICE";"ExternalCodesManager";"Liz 23086 requested 2,661 codes for ECR 100000293227-SDK20-Pack-False-False-DE-4-00002-17-00371--Pall Mall-04031300240069; 4,903 codes were reserved, 11,590 codes remain";""
"2020-11-05 00:01:08,786";"88     ";"NOTICE";"ExternalCodesManager";"Liz 23086 requested 2,661 codes for ECR 100000293227-SDK20-Pack-False-False-DE-4-00002-17-00371--Pall Mall-04031300240069; 4,903 codes were reserved, 11,590 codes remain";""
"2020-11-05 00:01:08,786";"88     ";"NOTICE";"ExternalCodesManager";"Liz 23086 requested 2,661 codes for ECR 100000293227-SDK20-Pack-False-False-DE-4-00002-17-00371--Pall Mall-04031300240069; 4,903 codes were reserved, 11,590 codes remain";""
"2020-11-05 00:01:08,786";"88     ";"NOTICE";"ExternalCodesManager";"Liz 23086 requested 2,661 codes for ECR 100000293227-SDK20-Pack-False-False-DE-4-00002-17-00371--Pall Mall-04031300240069; 4,903 codes were reserved, 11,590 codes remain";""
"2020-11-05 00:01:08,786";"88     ";"NOTICE";"ExternalCodesManager";"Liz 23086 requested 2,661 codes for ECR 100000293227-SDK20-Pack-False-False-DE-4-00002-17-00371--Pall Mall-04031300240069; 4,903 codes were reserved, 11,590 codes remain";""
"2020-11-05 00:01:08,786";"88     ";"NOTICE";"ExternalCodesManager";"Liz 23086 requested 2,661 codes for ECR 100000293227-SDK20-Pack-False-False-DE-4-00002-17-00371--Pall Mall-04031300240069; 4,903 codes were reserved, 11,590 codes remain";""
"2020-11-05 00:01:08,786";"88     ";"NOTICE";"ExternalCodesManager";"Liz 23086 requested 2,661 codes for ECR 100000293227-SDK20-Pack-False-False-DE-4-00002-17-00371--Pall Mall-04031300240069; 4,903 codes were reserved, 11,590 codes remain";""
"2020-11-05 00:01:08,786";"88     ";"NOTICE";"ExternalCodesManager";"Liz 23086 requested 2,661 codes for ECR 100000293227-SDK20-Pack-False-False-DE-4-00002-17-00371--Pall Mall-04031300240069; 4,903 codes were reserved, 11,590 codes remain";""
"2020-11-05 00:01:08,786";"88     ";"NOTICE";"ExternalCodesManager";"Liz 23086 requested 2,661 codes for ECR 100000293227-SDK20-Pack-False-False-DE-4-00002-17-00371--Pall Mall-04031300240069; 4,903 codes were reserved, 11,590 codes remain";""
"2021-03-01 00:01:08,786";"88     ";"NOTICE";"ExternalCodesManager";"Liz 23086 requested 2,661 codes for ECR 100000293227-SDK20-Pack-False-False-DE-4-00002-17-00371--Pall Mall-04031300240069; 4,903 codes were reserved, 11,590 codes remain";""
"2021-03-01 00:01:09,786";"88     ";"NOTICE";"ExternalCodesManager";"Liz 23086 requested 2,661 codes for ECR 100000293227-SDK20-Pack-False-False-DE-4-00002-17-00371--Pall Mall-04031300240069; 4,903 codes were reserved, 11,590 codes remain";""
"2021-03-01 00:01:09,786";"88     ";"NOTICE";"ExternalCodesManager";"Liz 23086 requested 2,661 codes for ECR 100000293227-SDK20-Pack-False-False-DE-4-00002-17-00371--Pall Mall-04031300240069; 4,903 codes were reserved, 11,590 codes remain";""
"2021-03-01 00:02:09,786";"88     ";"NOTICE";"ExternalCodesManager";"Liz 23086 requested 2,661 codes for ECR 100000293227-SDK20-Pack-False-False-DE-4-00002-17-00371--Pall Mall-04031300240069; 4,903 codes were reserved, 11,590 codes remain";""
"2021-03-01 00:03:09,786";"88     ";"NOTICE";"ExternalCodesManager";"Liz 23086 requested 2,661 codes for ECR 100000293227-SDK20-Pack-False-False-DE-4-00002-17-00371--Pall Mall-04031300240069; 4,903 codes were reserved, 11,590 codes remain";""
